Title,Price
Shop on eBay,$20.00
Shop on eBay,$20.00
"Apple iPhone 8 (Great Condition) - (Unlocked, T-Mobile, Verizon, AT&T etc...)",$144.99 to $219.99
"Apple iPhone SE 2nd Gen (Great Condition) - (Unlocked, T-Mobile, Verizon, AT&T)",$139.99 to $199.99
"Apple iPhone SE 3rd Gen (Excellent Cond) - (Unlocked, Verizon, AT&T, T-Mobile)",$239.99 to $339.99
Apple iPhone 12 Pro Max - 512GB - Unlocked (Read Description),$325.00
iPhone X - 64GB - Unlocked (Read Description),$89.00
Apple iPhone 12 Pro - 512GB - Unlocked (Read Description),$165.50
iPhone 14 Pro - 256GB - Unlocked (Read Description),$305.00
Apple iPhone 7 Plus A1661 256GB Rose Gold Unlocked,$95.00
Apple iPhone 15 Pro Max - 256GB - Unlocked (Read Description),$575.00
Apple iPhone X - 64GB - Unlocked (Read Description),$166.50
Apple iPhone 12 Pro Max - 128GB - Unlocked (Read Description),$172.50
Apple iPhone 12 mini - 256 GB - Black (Unlocked) - Fair Condition,$189.99
Apple iPhone 12 64GB- Fully Unlocked All Mobile Carriers VERY GOOD,$237.99
Apple iPhone 12 64/128GB - Fully Unlocked AT&T T-Mobile Verizon - All colors,$170.00 to $278.00
Apple iPhone 12 mini - 64 GB - White (Fully Unlocked),$219.95
Apple iPhone 12 64GB- Fully Unlocked All Mobile Carriers VERY GOOD,$237.99
"Apple iPhone 13 - Fully Unlocked 6.1"" - 128GB - Excellent",$349.00
Apple iPhone 12 64GB - Fully Unlocked - ALL Carriers - GOOD condition,$230.99
"Apple iPhone 13 - 6.1"" - 256GB - Fully Unlocked - Excellent",$389.00
Apple iPhone 15 128GB ( Unlocked) US E-Sim Version. Excellent,$529.99
Apple iPhone XR - 64GB - Fully Unlocked ALL Carriers- VERY GOOD Condition,$156.99
Apple iPhone 11 -  64 - 256GB - All Colors- All Carriers  -  Good Condition,$235.00
Apple iPhone 12 | 12 mini - 64GB 128GB 256GB - Unlocked AT&T T-Mobile Verizon,$269.85
"Apple iPhone 13 - Fully Unlocked 6.1"" - 128GB - Excellent",$349.00
Apple iPhone SE 3rd Gen 64GB Unlocked -* Red-G,$120.99
Apple iPhone 12 64GB - Fully Unlocked - ALL Carriers - GOOD condition,$230.99
Apple iPhone X Space Gray - 64GB - Factory Unlocked - Good,$159.94
"Apple iPhone 13 - 6.1"" - 256GB - Fully Unlocked - Excellent",$389.00
Apple iPhone 15 Pro - 128 GB - White (Verizon),$450.00
Apple iPhone 12 mini - 128 GB - Black (Unlocked) - Fair Condition,$179.99
NEW! Apple iPhone 14 Plus 100% ðŸ”‹ Battery - Factory ðŸ”“ Unlocked (COLORS),$529.50
NEW! Apple iPhone 12 Mini 5G Factory ðŸ”“ Unlocked with 100% ðŸ”‹ Battery (COLORS),$239.50 to $269.50
Apple iPhone 14 256GB Factory Unlocked AT&T T-Mobile Verizon Fair Condition,$374.95
Apple iPhone 15 128GB ( Unlocked) US E-Sim Version. Excellent,$529.99
Apple iPhone 12 Pro - 512GB - Unlocked (Read Description),$165.50
Apple iPhone XR - 64GB - Fully Unlocked ALL Carriers- VERY GOOD Condition,$156.99
Apple iPhone 12 mini - 64GB - Black (Unlocked) - Good Condition,$197.94
New Listing iPhone 13 - 256GB - Unlocked (Read Description),$51.00
Apple iPhone 12 mini - 64GB - Blue (Factory Unlocked) - Good Condition,$197.94
Apple iPhone 11 -  64 - 256GB - All Colors- All Carriers  -  Good Condition,$195.00 to $235.00
Apple iPhone 11 128GB Factory Unlocked AT&T T-Mobile Verizon 64GB Very Good,$156.00 to $270.00
Apple iPhone 11 - 64GB - Purple (Factory Unlocked) - Good Condition,$219.94
Apple iPhone 12 | 12 mini - 64GB 128GB 256GB - Unlocked AT&T T-Mobile Verizon,$219.85 to $289.85
Apple iPhone 12 - 128GB - Unlocked (Read Description),$125.50
Apple iPhone 8 Plus A1864 256GB Unlocked iOS Smartphone All Colors - EXCELLENT,$137.99
2024 Brand New Unlocked i16 Pro Max 5G Android Mobile Phone Dual SIM Smart Phone,$220.79
Apple iPhone 12 Pro - 256GB (A2341) Factory Unlocked - OPEN BOX,$380.00
APPLE iPhone 16 PRO MAX 256GB/512GB/1TB WHITE/NATURAL/DESERT TITANIUM UNLOCKED,"$1,699.00 to $2,099.00"
Apple iPhone 13 128GB Unlocked - Very Good,$341.95
Apple iPhone X - 64GB - Unlocked (Read Description),$166.50
Apple iPhone X - 256GB - Space Gray (Unlocked) - Good Condition,$169.95
New ListingApple iPhone 12 Pro Max - 512GB - AT&T (Read Description),$32.00
Apple iPhone 12 128GB Factory Unlocked AT&T T-Mobile Verizon Very Good Condition,$286.95
iPhone X - 64GB - Unlocked (Read Description),$89.00
Apple iPhone 13 mini - 256 GB - Green (Unlocked) - Fair Condition,$329.99
Apple iPhone XR - 128 GB - Silver White (Unlocked),$185.00
Apple iPhone 12 - 256GB - Factory Unlocked - All Colors - Good,$279.85
Apple iPhone 12 - 64GB - Red - Unlocked Smartphone - Good Condition,$239.95
Apple iPhone XR A1984 Tracfone Only 64GB Black C,$105.00
Apple iPhone X (iPhone 10) 64GB 256GB All Colours Unlocked- Excellent Grade A,$190.23 to $214.69
Apple iPhone 11 Pro Max - 64GB Space Gray (Fully Unlocked) - Good Condition,$289.94
"Apple iPhone 8 (Great Condition) (Unlocked, AT&T, T-Mobile, Verizon etc...)",$139.99 to $219.99
Apple iPhone 12 Mini Purple 64GB - Factory Unlocked - Good Condition,$198.99
Apple iPhone SE 2nd Gen (Excellent) Unlocked AT&T T-Mobile Verizon 64GB Black,$164.99 to $174.99
Apple iPhone 12 Pro 128GB Unlocked - Excellent,$339.99
New ListingGood - Apple iPhone SE 3 64GB Midnight (Unlocked - Verizon) Smartphone Free Ship,$104.99
Apple iPhone 11 Pro - 64 GB - Space Gray (Unlocked) - Good Condition,$234.94
Apple iPhone 12 64| 128 | 256GB - Fully Unlocked All Mobile Carriers - VERY GOOD,$290.00 to $345.00
"Apple iPhone 13 Mini 5G 5.4"" 128GB 256GB 512GB Factory Unlocked (Any Carrier)",$269.99 to $339.99
Apple iPhone 12 128GB T-Mobile,$329.95
Apple iPhone 12 - 64gb 128GB (Unlocked) Black Blue Purple Red White -  Average,$209.95 to $240.00
Apple iPhone 12 - 128GB - Factory Unlocked - All Colors - Good,$259.85
Apple iPhone XS 64GB - Fully Unlocked (CDMA+GSM) - VERY GOOD Condition,$149.99
Apple iPhone 12 Pro 128GB Graphite Unlocked - Good Condition,$329.97
Apple iPhone 14 Pro - 256 GB - Purple (AT&T),$499.00
Apple iPhone 14 Plus - 128 GB - White (Unlocked),$530.00
